,,アイテムの商品コード（SKU）を入力してください,アイテムのカテゴリー１を入力してください,アイテムのカテゴリー２を入力してください,アイテムのカテゴリー３を入力してください,アイテムの名称を入力してください,アイテムの単価を入力してください,アイテムのリードタイムを入力してください,アイテムの販売予測量（年間）を入力してください,,条件,,1を入力して選択,属性情報,SDS,納入仕様書,初物検査記録表,標準見本,生産（成形）条件,QC工程表,4M変更,限度見本,品質管理者情報,作業標準書,仕様変更,NG見本,識別マーク,検査記録表,工程変更,,類似品サンプル,カラーサンプル,意匠サンプル,オリジナルサンプル
id,,SKU,name,category1,category2,category3,cost,lead_time,expected_sales_volume,,condition,,,quality1,quality2,quality3,quality4,quality5,quality6,quality7,quality8,quality9,quality10,quality11,quality12,quality13,quality14,quality15,quality16,,category_type1,category_type2,category_type3,category_type4
,,test22,test23,test24,test25,test26,33,213,323,,items no,,,0,1,0,1,0,1,0,1,0,1,0,1,0,1,0,1,,1,1,1,1
,,test100,test100,test100,test100,test100,55,545,8,,no,,,0,1,0,1,0,1,0,1,0,1,0,1,0,1,0,1,,1,1,1,1
,,test300,test300,test300,test300,test300,12,78,5,,zed,,,0,1,0,1,0,1,0,1,0,1,0,1,0,1,0,1,,1,1,1,1
